Tlyashev,Albert,8917795066,workphone
Latypova,Liliya,89273318711,homephone
Latypova,Liliya,89273318711,homephone
Ivanov,Ivan,89873332564,workphone
Latypova,Liliya,89273318711,homephone
Petrov,Petr,89654445564,homephone
Tlyashev,Albert,8917795066,workphone
Latypova,Liliya,89273318711,homephone
Latypova,Liliya,89273318711,homephone
Ivanov,Ivan,89873332564,workphone
Latypova,Liliya,89273318711,homephone
Petrov,Petr,89654445564,homephone
Gaisin,Andrei,89993256666,homephone
Tlyashev,Albert,8917795066,workphone
Latypova,Liliya,89273318711,homephone
Latypova,Liliya,89273318711,homephone
Ivanov,Ivan,89873332564,workphone
Latypova,Liliya,89273318711,homephone
Petrov,Petr,89654445564,homephone
Gaisin,Andrei,89993256666,homephone
Latypova,Liliya,89273318711,homephone
Tlyashev,Albert,8917795066,workphone
Latypova,Liliya,89273318711,homephone
Latypova,Liliya,89273318711,homephone
Ivanov,Ivan,89873332564,workphone
Latypova,Liliya,89273318711,homephone
Petrov,Petr,89654445564,homephone
Gaisin,Andrei,89993256666,homephone
Latypova,Liliya,89273318711,homephone
Tlyashev,Albert,8917795066,workphone
Latypova,Liliya,89273318711,homephone
Latypova,Liliya,89273318711,homephone
Ivanov,Ivan,89873332564,workphone
Latypova,Liliya,89273318711,homephone
Petrov,Petr,89654445564,homephone
Gaisin,Andrei,89993256666,homephone
Latypova,Liliya,89273318711,homephone
Tlyashev,Albert,8917795066,workphone
Latypova,Liliya,89273318711,homephone
Latypova,Liliya,89273318711,homephone
Ivanov,Ivan,89873332564,workphone
Latypova,Liliya,89273318711,homephone
Petrov,Petr,89654445564,homephone
Gaisin,Andrei,89993256666,homephone
Latypova,Liliya,89273318711,homephone
Tlyashev,Albert,8917795066,workphone
Latypova,Liliya,89273318711,homephone
Latypova,Liliya,89273318711,homephone
Ivanov,Ivan,89873332564,workphone
Latypova,Liliya,89273318711,homephone
Petrov,Petr,89654445564,homephone
Gaisin,Andrei,89993256666,homephone
Latypova,Liliya,89273318711,homephone
